{
  "Category 1:": {
    "token_size": {
      "mean": 12.128652420409944,
      "std": 25.783502971072572
    },
    "span_gaps": {
      "mean": 178.47330595482546,
      "std": 1959.3363706149248
    },
    "count": {
      "mean": 6.551428571428572,
      "std": 9.718570322816701
    }
  },
  "Category 2:": {
    "token_size": {
      "mean": 8.712765957446809,
      "std": 10.919745895106022
    },
    "span_gaps": {
      "mean": 276.15695067264573,
      "std": 4400.360234478551
    },
    "count": {
      "mean": 1.0742857142857143,
      "std": 4.929323153556337
    }
  },
  "Category 3:": {
    "token_size": {
      "mean": 6.879400528945048,
      "std": 69.3271203934894
    },
    "span_gaps": {
      "mean": 23.188688327316488,
      "std": 64.10676953020597
    },
    "count": {
      "mean": 48.614285714285714,
      "std": 175.74079163614223
    }
  },
  "Category 4:": {
    "token_size": {
      "mean": 6.420560747663552,
      "std": 6.345822370800922
    },
    "span_gaps": {
      "mean": 294.5483870967742,
      "std": 5023.813169469991
    },
    "count": {
      "mean": 0.3057142857142857,
      "std": 3.179627900557836
    }
  },
  "Category 5:": {
    "token_size": {
      "mean": 8.057822506861848,
      "std": 55.46430754683681
    },
    "span_gaps": {
      "mean": 31.933251161467716,
      "std": 124.73673083810142
    },
    "count": {
      "mean": 31.228571428571428,
      "std": 85.09204567937519
    }
  },
  "Category 6:": {
    "token_size": {
      "mean": 5.684051967614385,
      "std": 39.87115137119577
    },
    "span_gaps": {
      "mean": 79.64256865912762,
      "std": 445.3966120928825
    },
    "count": {
      "mean": 15.174285714285714,
      "std": 20.0540906032709
    }
  },
  "Category 7:": {
    "token_size": {
      "mean": 12.813296589734756,
      "std": 43.75911721705174
    },
    "span_gaps": {
      "mean": 44.67950128346168,
      "std": 184.89920130165922
    },
    "count": {
      "mean": 16.588571428571427,
      "std": 28.203341146486043
    }
  },
  "Category 8:": {
    "token_size": {
      "mean": 9.273809523809524,
      "std": 14.779980224469114
    },
    "span_gaps": {
      "mean": 358.06666666666666,
      "std": 6756.647405684326
    },
    "count": {
      "mean": 0.24,
      "std": 3.0826823199470756
    }
  },
  "Category 9:": {
    "token_size": {
      "mean": 19.56283422459893,
      "std": 27.45046499317676
    },
    "span_gaps": {
      "mean": 36.51149425287356,
      "std": 197.85383214414276
    },
    "count": {
      "mean": 4.274285714285714,
      "std": 7.178648444708194
    }
  }
}